{"厦门": [118.089425, 24.479833], "北京": [116.407526, 39.90403], "黄山": [118.337481, 29.714655], "南宁": [108.366543, 22.817002], "武汉": [114.305392, 30.593098], "北海": [109.119927, 21.481254], "珠海": [113.576726, 22.270715], "嘉峪关": [98.289152, 39.77313], "常州": [119.973987, 31.810689], "上海虹桥": [121.313896, 31.196793], "芒市": [98.588086, 24.43369], "泸州": [105.442258, 28.871811], "西安": [108.940174, 34.341568], "秦皇岛": [119.600492, 39.935385], "广州": [113.264434, 23.129162], "乌兰浩特": [122.136802, 46.061341], "保山": [99.161761, 25.112046], "澳门": [113.543028, 22.186835], "张家界": [110.479191, 29.117096], "南昌": [115.858197, 28.682892], "常德": [111.698497, 29.031673], "武夷山": [118.03688, 27.75538], "黄岩": [121.31808, 28.66313], "西宁": [101.778228, 36.617144], "盐城": [120.163561, 33.347382], "宁波": [121.550357, 29.874556], "九寨沟": [104.246713, 33.247483], "郑州": [113.625368, 34.746599], "南通": [120.894291, 31.980171], "兰州": [103.834303, 36.061089], "香港": [114.163825, 22.276284], "攀枝花": [101.718637, 26.582347], "柳州": [109.415953, 24.325502], "包头": [109.840347, 40.657449], "潍坊": [119.161755, 36.706774], "佳木斯": [130.318917, 46.799922], "威海": [122.120419, 37.513068], "庆阳": [107.643631, 35.709077], "南充": [106.110698, 30.837793], "太原": [112.548879, 37.87059], "库尔勒": [86.2129, 41.78196], "银川": [106.230909, 38.487193], "海拉尔": [119.744014, 49.212779], "安康": [109.029022, 32.684714], "喀什": [75.989755, 39.4704], "昆明": [102.832891, 24.880095], "大同": [113.300129, 40.076762], "舟山": [122.207215, 29.985295], "呼和浩特": [111.74918, 40.842585], "安庆": [117.063754, 30.543494], "深圳": [114.057868, 22.543099], "长治": [113.116255, 36.195386], "徐州": [117.284124, 34.205768], "南阳": [112.528321, 32.990833], "大理": [100.267638, 25.606486], "台北": [114.277985, 30.597507], "牡丹江": [129.633163, 44.551655], "南京": [118.796877, 32.060255], "库车": [83.060231, 41.720265], "铜仁": [109.189598, 27.731514], "济南": [117.119999, 36.651216], "襄阳": [112.122414, 32.008986], "长沙": [112.938814, 28.228209], "且末县": [85.529702, 38.145486], "长春": [125.323544, 43.817071], "义乌": [120.075058, 29.306841], "赤峰": [118.886856, 42.257817], "延吉": [129.509369, 42.906368], "拉萨": [91.140856, 29.645554], "哈尔滨": [126.534967, 45.803775], "汕头": [116.681972, 23.354091], "中甸": [103.22892, 25.232491], "沈阳": [123.431474, 41.805698], "合肥": [117.227239, 31.820586], "四川万县": [104.075931, 30.651651], "温州": [120.699366, 27.994267], "锦州": [121.127003, 41.095119], "桂林": [110.290194, 25.273566], "湛江": [110.359377, 21.270707], "梅县": [116.089284, 24.2809], "成都": [104.066541, 30.572269], "石家庄": [114.51486, 38.042307], "乌鲁木齐": [87.616848, 43.825592], "临沂": [118.356448, 35.104672], "三亚": [109.511909, 18.252847], "宜宾": [104.643215, 28.751768], "连云港": [119.221611, 34.596653], "福州": [119.296494, 26.074507], "重庆达县": [106.551556, 29.563009], "青岛": [120.382639, 36.067082], "宜昌": [111.286471, 30.691967], "敦煌市": [94.661967, 40.142128], "丹东": [124.354706, 40.000499], "贵阳": [106.630153, 26.647661], "衢州": [118.859457, 28.970079], "晋江": [118.566625, 24.777156], "恩施": [109.488172, 30.272156], "无锡": [120.31191, 31.491169], "兴义": [104.918194, 25.090127], "大连": [121.614682, 38.914003], "通辽": [122.243444, 43.65289], "西双版纳": [100.797777, 22.007351], "普洱": [100.966512, 22.825065], "东营": [118.674767, 37.434751], "丽江": [100.22775, 26.855047], "九江": [116.00193, 29.705077], "烟台": [121.447935, 37.463822], "黑河": [127.52856, 50.245329], "西昌": [102.242358, 27.875757], "景德镇": [117.178419, 29.268835], "海口": [110.198293, 20.044001], "绵阳": [104.679114, 31.46745], "阿勒泰": [88.141253, 47.844924], "广元": [105.843357, 32.435435], "延安": [109.489727, 36.585455], "天津": [117.200983, 39.084158], "阿克苏": [80.260605, 41.168779], "克拉玛依": [84.889207, 45.579888], "齐齐哈尔": [123.918186, 47.354348], "杭州": [120.15507, 30.274084], "洛阳": [112.45404, 34.619682], "重庆": [106.551556, 29.563009], "昭通": [103.717465, 27.338257], "汉中": [107.023323, 33.06748], "赣州": [114.935029, 25.831829], "上海浦东": [121.544379, 31.221517]}